<?xml version="1.0"?>
<wrgac54_dlink.2015_dir869>
	<device>
		<layout>router</layout>
		<wirelessmode>WirelessRouter</wirelessmode>
		<hostname>dlinkrouter</hostname>
		<hostname_dhcpc>dlinkrouter</hostname_dhcpc>
		<devicename>DIR-869</devicename>
		<gw_name>DIR-869</gw_name>
		<router>
			<mode>1W2L</mode>
			<wanindex>4</wanindex>
		</router>
		<time>
			<ntp>
				<enable>1</enable>
				<period>604800</period>
				<server>ntp1.dlink.com</server>
			</ntp>
			<ntp6>
				<enable>1</enable>
				<period>604800</period>
			</ntp6>
			<timezone>61</timezone>
			<time></time>
			<date></date>
			<dst>0</dst>
			<dstmanual></dstmanual>
			<dstoffset></dstoffset>
		</time>
		<account>
			<count>1</count>
			<max>2</max>
			<entry>
				<name>Admin</name>
				<password></password>
				<group>0</group>
			</entry>
		</account>
		<log>
			<level>NOTICE</level>
			<mydlink>
				<dnsquery>1</dnsquery>
			</mydlink>
		</log>
		<passthrough>
			<ipv6>0</ipv6>
			<pppoe>1</pppoe>
			<ipsec>1</ipsec>
			<pptp>1</pptp>
			<rtsp>1</rtsp>
			<sip>1</sip>
		</passthrough>
		<multicast>
			<igmpproxy>0</igmpproxy>
			<wifienhance>0</wifienhance>
			<mldproxy>0</mldproxy>
			<wifienhance6>0</wifienhance6>
		</multicast>
		<session>
			<captcha>0</captcha>
		</session>
		<features>
			<easysetup>1</easysetup>
			<language>auto</language>
			<smartconnect>0</smartconnect>
			<enablepbc>1</enablepbc>
			<enablepin>0</enablepin>
		</features>
		<rdnss>0</rdnss>
		<hw_nat>1</hw_nat>
		<mdnsresponder>
			<enable>1</enable>
		</mdnsresponder>
		<fwcheckparameter></fwcheckparameter>
		<existingnetwork>eth</existingnetwork>
		<vlan>
			<active>0</active>
			<active_priority>0</active_priority>
			<interid_pppoe>500</interid_pppoe>
			<voipid_pppoe>400</voipid_pppoe>
			<iptvid_pppoe>600</iptvid_pppoe>
			<interid_dhcp>621</interid_dhcp>
			<voipid_dhcp>400</voipid_dhcp>
			<iptvid_dhcp>823</iptvid_dhcp>
			<interid>500</interid>
			<voipid>400</voipid>
			<iptvid>600</iptvid>
			<inter_priority>0</inter_priority>
			<voip_priority>0</voip_priority>
			<iptv_priority>0</iptv_priority>
			<iptv_br>0</iptv_br>
			<iptv_gz_br>0</iptv_gz_br>
			<voip_br>0</voip_br>
			<voip_gz_br>0</voip_gz_br>
			<lanport>
				<lan1_pppoe>internet</lan1_pppoe>
				<lan2_pppoe>internet</lan2_pppoe>
				<lan3_pppoe>internet</lan3_pppoe>
				<lan4_pppoe>internet</lan4_pppoe>
				<lan1_dhcp>internet</lan1_dhcp>
				<lan2_dhcp>internet</lan2_dhcp>
				<lan3_dhcp>internet</lan3_dhcp>
				<lan4_dhcp>internet</lan4_dhcp>
				<lan1>0</lan1>
				<lan2>0</lan2>
				<lan3>0</lan3>
				<lan4>0</lan4>
			</lanport>
			<wlanport>
				<wlan01_pppoe>internet</wlan01_pppoe>
				<wlan02_pppoe>internet</wlan02_pppoe>
				<wlan11_pppoe>internet</wlan11_pppoe>
				<wlan12_pppoe>internet</wlan12_pppoe>
				<wlan21_pppoe>internet</wlan21_pppoe>
				<wlan22_pppoe>internet</wlan22_pppoe>
				<wlan01_dhcp>internet</wlan01_dhcp>
				<wlan02_dhcp>internet</wlan02_dhcp>
				<wlan11_dhcp>internet</wlan11_dhcp>
				<wlan12_dhcp>internet</wlan12_dhcp>
				<wlan21_dhcp>internet</wlan21_dhcp>
				<wlan22_dhcp>internet</wlan22_dhcp>
				<wlan01>0</wlan01>
				<wlan02>0</wlan02>
				<wlan11>0</wlan11>
				<wlan12>0</wlan12>
				<wlan21>0</wlan21>
				<wlan22>0</wlan22>
			</wlanport>
		</vlan>
	</device>
	<inf>
		<uid>BRIDGE-1</uid>
		<active>1</active>
		<phyinf>ETH-1</phyinf>
		<defaultroute>100</defaultroute>
		<inet>INET-5</inet>
		<dhcps4>DHCPS4-3</dhcps4>
		<web>80</web>
		<nameresolve>1</nameresolve>
		<upnp>
			<count>1</count>
			<entry>urn:schemas-upnp-org:device:InternetGatewayDevice:1</entry>
		</upnp>
	</inf>
	<inf>
		<uid>LAN-1</uid>
		<name>IPv4 LAN</name>
		<comment>The IPv4 LAN interface.</comment>
		<active>1</active>
		<phyinf>ETH-1</phyinf>
		<inet>INET-1</inet>
		<dhcps4>DHCPS4-1</dhcps4>
		<dns4>DNS4-1</dns4>
		<bwc>BWC-2</bwc>
		<web>80</web>
		<hnap>1</hnap>
		<neap>1</neap>
		<nameresolve>1</nameresolve>
		<stunnel>1</stunnel>
		<upnp>
			<count>1</count>
			<entry>urn:schemas-upnp-org:device:InternetGatewayDevice:1</entry>
		</upnp>
		<infnext>LAN-3</infnext>
	</inf>
	<inf>
		<uid>LAN-2</uid>
		<name>IPv4 G/ZONE</name>
		<comment>The IPv4 G/ZONE interface.</comment>
		<active>1</active>
		<phyinf>ETH-2</phyinf>
		<inet>INET-2</inet>
		<dhcps4>DHCPS4-2</dhcps4>
		<dns4>DNS4-1</dns4>
	</inf>
	<inf>
		<uid>LAN-3</uid>
		<name>IPv6 LL LAN</name>
		<comment>The IPv6 link local LAN interface.</comment>
		<active>1</active>
		<phyinf>ETH-1</phyinf>
		<inet>INET-6</inet>		
		<web>80</web>
		<hnap>1</hnap>
		<nameresolve>1</nameresolve>
		<stunnel>1</stunnel>
		<upnp>
			<count>1</count>
			<entry>urn:schemas-upnp-org:device:InternetGatewayDevice:2</entry>
		</upnp>
		<infprevious>LAN-1</infprevious>
	</inf>
	<inf>
		<uid>LAN-4</uid>
		<name>IPv6 LAN</name>
		<comment>The IPv6 LAN interface.</comment>
		<active>1</active>
		<phyinf>ETH-1</phyinf>
		<inet></inet>
		<web>80</web>
		<hnap>1</hnap>
		<dns6>DNS6-1</dns6>
		<dhcps6>DHCPS6-1</dhcps6>
		<nameresolve>1</nameresolve>
		<dnsrelay>0</dnsrelay>
		<stunnel>1</stunnel>
		<upnp>
			<count>0</count>
		</upnp>		
	</inf>
	<inf>
		<uid>LAN-5</uid>
		<name>IPv6 G/ZONE</name>
		<comment>The IPv6 G/ZONE interface.</comment>
		<active>1</active>
		<phyinf>ETH-2</phyinf>
		<inet></inet>
		<dhcps6>DHCPS6-2</dhcps6>
		<dns6></dns6>
		<dnsrelay>0</dnsrelay>
	</inf>
	<inf>
		<uid>LAN-6</uid>
		<name>IPv6 ULA LAN</name>
		<comment>The IPv6 unique local LAN interface.</comment>
		<active>0</active>
		<phyinf>ETH-1</phyinf>
		<inet>INET-12</inet>
		<web>80</web>
		<dns6></dns6>
		<dhcps6>DHCPS6-3</dhcps6>
		<nameresolve>1</nameresolve>
		<upnp>
			<count>0</count>
		</upnp>
	</inf>
	<inf>
		<uid>WAN-1</uid>
		<active>1</active>
		<phyinf>ETH-3</phyinf>
		<defaultroute>100</defaultroute>
		<inet>INET-3</inet>
		<nat>NAT-1</nat>
		<inf6to4></inf6to4>
		<icmp>DROP</icmp>
		<bwc>BWC-1</bwc>
	</inf>
	<inf>
		<uid>WAN-2</uid>
		<active>0</active>
		<phyinf>ETH-3</phyinf>
		<inet>INET-4</inet>
		<nat>NAT-1</nat>
	</inf>
	<inf>
		<uid>WAN-3</uid>
		<name>IPv6 LL WAN</name>
		<comment>The IPv6 link local WAN interface.</comment>
		<active>1</active>
		<phyinf>ETH-3</phyinf>
		<inet>INET-8</inet>
		<infnext>WAN-4</infnext>
	</inf>
	<inf>
		<uid>WAN-4</uid>
		<name>IPv6 WAN</name>
		<comment>The native IPv6 WAN interface.</comment>
		<active>0</active>
		<phyinf>ETH-3</phyinf>
		<inet>INET-9</inet>
		<infprevious>WAN-3</infprevious>
		<child>LAN-4</child>
		<childgz>LAN-5</childgz>
		<defaultroute>1</defaultroute>
	</inf>
	<inf>
		<uid>WAN-5</uid>
		<active>0</active>
		<phyinf>ETH-3</phyinf>
		<inet>INET-10</inet>
		<child>LAN-4</child>
		<childgz>LAN-5</childgz>
	</inf>
	<phyinf>
		<uid>ETH-1</uid>
		<active>1</active>
		<type>eth</type>
	</phyinf>
	<phyinf>
		<uid>ETH-2</uid>
		<active>1</active>
		<type>eth</type>
		<media>
			<linktype>AUTO</linktype>
		</media>
	</phyinf>
	<phyinf>
		<uid>ETH-3</uid>
		<active>1</active>
		<type>eth</type>
		<media>
			<linktype>AUTO</linktype>
		</media>
	</phyinf>
	<phyinf>
		<uid>BAND24G-1.1</uid>
		<active>1</active>
		<type>wifi</type>
		<wifi>WIFI-1</wifi>
		<schedule></schedule>
		<media>
			<freq>2.4</freq>
			<wlmode>bgn</wlmode>
			<beacon>100</beacon>
			<fragthresh>2346</fragthresh>
			<rtsthresh>2346</rtsthresh>
			<ctsmode></ctsmode>
			<channel>0</channel>
			<txrate>auto</txrate>
			<txpower>100</txpower>
			<preamble>long</preamble>
			<dtim>1</dtim>
			<dot11n>
				<bandwidth>20+40</bandwidth>
				<bw2040coexist>1</bw2040coexist> 
				<guardinterval>400</guardinterval>
				<mcs>
					<auto>1</auto>
					<index></index>
				</mcs>
			</dot11n>
			<wmm>
				<enable>1</enable>
			</wmm>
		</media>
	</phyinf>
        <phyinf>
		<uid>BAND24G-1.2</uid>
		<active>0</active>
		<type>wifi</type>
		<wifi>WIFI-2</wifi>
		<schedule></schedule>
	</phyinf>
	<phyinf>
		<uid>BAND5G-1.1</uid>
		<active>1</active>
		<type>wifi</type>
		<wifi>WIFI-3</wifi>
		<schedule></schedule>
		<media>
			<freq>5</freq>
			<wlmode>acna</wlmode>
			<beacon>100</beacon>
			<fragthresh>2346</fragthresh>
			<rtsthresh>2346</rtsthresh>
			<ctsmode></ctsmode>
			<channel>0</channel>
			<txrate>auto</txrate>
			<txpower>100</txpower>
			<preamble>long</preamble>
			<dtim>1</dtim>
			<dot11n>
				<bandwidth>20+40+80</bandwidth>
				<bw2040coexist>0</bw2040coexist> 
				<guardinterval>400</guardinterval>
				<mcs>
					<auto>1</auto>
					<index></index>
				</mcs>
			</dot11n>
			<wmm>
				<enable>1</enable>
			</wmm>
		</media>
	</phyinf>
	<phyinf>
		<uid>BAND5G-1.2</uid>
		<active>0</active>
		<type>wifi</type>
		<wifi>WIFI-4</wifi>
		<schedule></schedule>
	</phyinf>
	<phyinf>
		<uid>WIFISTA-1.1</uid>
		<active>0</active>
		<type>wifi</type>
		<wifi>WIFI-5</wifi>
		<schedule></schedule>
		<media>
			<freq>2.4</freq>
			<wlmode>bgn</wlmode>
			<beacon>100</beacon>
			<fragthresh>2346</fragthresh>
			<rtsthresh>2346</rtsthresh>
			<ctsmode></ctsmode>
			<channel>0</channel>
			<txrate>auto</txrate>
			<txpower>100</txpower>
			<preamble>long</preamble>
			<dtim>1</dtim>
			<dot11n>
				<bandwidth>20+40</bandwidth>
				<bw2040coexist>1</bw2040coexist> 
				<guardinterval>400</guardinterval>
				<mcs>
					<auto>1</auto>
					<index></index>
				</mcs>
			</dot11n>
			<wmm>
				<enable>1</enable>
			</wmm>
		</media>
	</phyinf>	
	<phyinf>	
		<uid>WIFISTA-2.1</uid>
		<active>0</active>
		<type>wifi</type>
		<wifi>WIFI-5</wifi>
		<schedule></schedule>
		<media>
			<freq>5</freq>
			<wlmode>ac</wlmode>
			<beacon>100</beacon>
			<fragthresh>2346</fragthresh>
			<rtsthresh>2346</rtsthresh>
			<ctsmode></ctsmode>
			<channel>0</channel>
			<txrate>auto</txrate>
			<txpower>100</txpower>
			<preamble>long</preamble>
			<dtim>1</dtim>
			<dot11n>
				<bandwidth>20+40+80</bandwidth>
				<bw2040coexist>1</bw2040coexist>
				<guardinterval>400</guardinterval>
				<mcs>
					<auto>1</auto>
					<index></index>
				</mcs>
			</dot11n>
			<wmm>
				<enable>1</enable>
			</wmm>
		</media>
	</phyinf>
	<inet>
		<seqno>13</seqno>
		<max>12</max>
		<count>12</count>
		<entry>
			<uid>INET-1</uid>
			<addrtype>ipv4</addrtype>
			<ipv4>
				<static>1</static>
				<ipaddr>192.168.0.1</ipaddr>
				<mask>24</mask>
				<gateway />
				<mtu>1500</mtu>
				<dns>
					<count>0</count>
				</dns>
			</ipv4>
		</entry>
		<entry>
			<uid>INET-2</uid>
			<addrtype>ipv4</addrtype>
			<ipv4>
				<static>1</static>
				<ipaddr>192.168.7.1</ipaddr>
				<mask>24</mask>
				<gateway />
				<mtu>1500</mtu>
				<dns>
					<count>0</count>
				</dns>
			</ipv4>
		</entry>
		<entry>
			<uid>INET-3</uid>
			<addrtype>ipv4</addrtype>
			<ipv4>
				<static>0</static>
				<mtu>1500</mtu>
				<dns>
					<count>0</count>
				</dns>
			</ipv4>
			<ppp4>
				<over>eth</over>
				<dns>
					<count>0</count>
				</dns>
				<mtu>1492</mtu>
			</ppp4>
		</entry>
		<entry>
			<uid>INET-4</uid>
			<addrtype>ipv4</addrtype>
			<ipv4>
				<static>0</static>
				<mtu>1500</mtu>
			</ipv4>
			<ppp4>
				<over>eth</over>
				<dns>
					<count>0</count>
				</dns>
				<mtu>1492</mtu>
			</ppp4>
		</entry>
		<entry>
			<uid>INET-5</uid>
			<addrtype>ipv4</addrtype>
			<ipv4>
				<static>0</static>
				<mtu>1500</mtu>
			</ipv4>
		</entry>
		<entry>
			<uid>INET-6</uid>
			<addrtype>ipv6</addrtype>
			<ipv6>
				<mode>LL</mode>
			</ipv6>
		</entry>
		<entry>
			<uid>INET-7</uid>
			<addrtype>ipv6</addrtype>
			<ipv6>
				<mode></mode>
			</ipv6>
		</entry>
		<entry>
			<uid>INET-8</uid>
			<addrtype>ipv6</addrtype>
			<ipv6>
				<mode>LL</mode>
			</ipv6>
		</entry>
		<entry>
			<uid>INET-9</uid>
			<addrtype>ipv6</addrtype>
			<ipv6>
				<mode>AUTO</mode>
				<ipaddr></ipaddr>
				<prefix></prefix>
				<dhcpopt>IA-NA+IA-PD</dhcpopt>
				<dns>
					<count>0</count>
				</dns>
			</ipv6>
		</entry>
		<entry>
			<uid>INET-10</uid>
			<addrtype>ipv6</addrtype>
			<ipv6>
				<mode>AUTODETECT</mode>
				<ipaddr></ipaddr>
				<prefix></prefix>
			</ipv6>
		</entry>
		<entry>
			<uid>INET-11</uid>
			<addrtype>ipv6</addrtype>
			<ipv6>
				<mode></mode>
				<ipaddr></ipaddr>
				<prefix></prefix>
			</ipv6>
		</entry>
		<entry>
			<uid>INET-12</uid>
			<addrtype>ipv6</addrtype>
			<ipv6>
				<mode>UL</mode>
				<ipaddr></ipaddr>
				<prefix></prefix>
				<staticula>0</staticula>
			</ipv6>
		</entry>
	</inet>
	<dhcpc4>
		<unicast>no</unicast>
	</dhcpc4>
	<dhcps4>
		<seqno>3</seqno>
		<max>3</max>
		<count>3</count>
		<entry>
			<uid>DHCPS4-1</uid>
			<start>100</start>
			<end>199</end>
			<domain></domain>
			<leasetime>604800</leasetime>
			<router></router>
			<broadcast>yes</broadcast>
			<netbios>
				<active>0</active>
				<learnfromwan>0</learnfromwan>
				<scope></scope>
				<ntype>4</ntype>
			</netbios>	
			<dns>
				<count>0</count>
			</dns>
			<wins>
				<count>0</count>
			</wins>
			<staticleases>
				<seqno>1</seqno>
				<max>24</max>
				<count>0</count>
			</staticleases>
		</entry>
		<entry>
			<uid>DHCPS4-2</uid>
			<start>100</start>
			<end>199</end>
			<domain></domain>
			<leasetime>604800</leasetime>
			<router></router>
			<broadcast>yes</broadcast>
			<netbios>
				<active>0</active>
				<learnfromwan>0</learnfromwan>
				<scope></scope>
				<ntype>4</ntype>
			</netbios>	
			<dns>
				<count>0</count>
			</dns>
			<wins>
				<count>0</count>
			</wins>
			<staticleases>
				<seqno>1</seqno>
				<max>24</max>
				<count>0</count>
			</staticleases>
		</entry>
		<entry>
			<uid>DHCPS4-3</uid>
			<start>100</start>
			<end>199</end>			
			<domain></domain>
			<leasetime>60</leasetime>
			<network>192.168.0.50</network>
			<mask>24</mask>
			<router>192.168.0.50</router>
			<broadcast>yes</broadcast>
			<netbios>
				<active>0</active>
				<learnfromwan>0</learnfromwan>
				<scope></scope>
				<ntype>4</ntype>
			</netbios>	
			<dns>
				<count>0</count>
			</dns>
			<wins>
				<count>0</count>
			</wins>
			<staticleases>
				<seqno>1</seqno>
				<max>24</max>
				<count>0</count>
			</staticleases>
		</entry>
	</dhcps4>
	<dhcps6>
		<seqno>3</seqno>
		<max>2</max>
		<entry>
			<uid>DHCPS6-1</uid>
			<mode>STATELESS</mode>
			<start>::3</start>
			<count>20</count>
			<pd>
				<enable>1</enable>
				<mode>1</mode>
			</pd>
		</entry>
		<entry>
			<uid>DHCPS6-2</uid>
			<mode>STATELESS</mode>
			<start>::3</start>
			<count>20</count>
			<pd>
				<enable>0</enable>
				<mode>1</mode>
			</pd>
		</entry>
		<entry>
			<uid>DHCPS6-3</uid>
			<mode>STATELESS</mode>
			<start>::3</start>
			<count>20</count>
			<pd>
				<enable>0</enable>
				<mode>1</mode>
			</pd>
		</entry>
	</dhcps6>
	<dns4>
		<seqno>2</seqno>
		<max>1</max>
		<count>1</count>
		<entry>
			<uid>DNS4-1</uid>
			<cachesize>0</cachesize>
			<seqno>3</seqno>
			<max>2</max>
			<count>2</count>
			<entry>
				<uid>SVR-1</uid>
				<type>inf</type>
				<inf>WAN-1</inf>
			</entry>
			<entry>
				<uid>SVR-2</uid>
				<type>inf</type>
				<inf>WAN-2</inf>
				<filter>
					<seqno>1</seqno>
					<max>16</max>
					<count>0</count>
				</filter>
			</entry>
		</entry>
	</dns4>
	<dns6>
		<seqno>2</seqno>
		<max>1</max>
		<count>1</count>
		<entry>
			<uid>DNS6-1</uid>
			<cachesize>0</cachesize>
			<seqno>3</seqno>
			<max>2</max>
			<count>2</count>
			<entry>
				<uid>SVR-1</uid>
				<type>inf</type>
				<inf>WAN-3</inf>
			</entry>
			<entry>
				<uid>SVR-2</uid>
				<type>inf</type>
				<inf>WAN-4</inf>
			</entry>
		</entry>
	</dns6>
	<ddns4>
		<seqno>1</seqno>
		<max>2</max>
		<count>0</count>
	</ddns4>
	<ddns6>
		<cnt>0</cnt>
		<max>10</max>
	</ddns6>
	<wifi>
		<seqno>3</seqno>
		<max>5</max>
		<count>5</count>
		<entry>
			<uid>WIFI-1</uid>
			<opmode>AP</opmode>
			<defaultssid>dlink_DIR-869</defaultssid>
			<ssid>dlink</ssid>
			<ssidhidden>0</ssidhidden>
			<authtype>OPEN</authtype>
			<encrtype>NONE</encrtype>
			<wps>
				<enable>1</enable>
				<configured>0</configured>
				<locksecurity>0</locksecurity>
				<wsc2_version>0x20</wsc2_version>
			</wps>
			<acl>
				<isolation>0</isolation>
				<policy>DISABLED</policy>
				<seqno>1</seqno>
				<max>24</max>
				<count>0</count>
			</acl>
		</entry>
		<entry>
			<uid>WIFI-2</uid>
			<opmode>AP</opmode>
			<defaultssid>dlink-guest</defaultssid>
			<ssid>dlink-guest</ssid>
			<ssidhidden>0</ssidhidden>
			<authtype>OPEN</authtype>
			<encrtype>NONE</encrtype>
			<wps>
				<enable>0</enable>
				<configured>0</configured>
				<locksecurity>0</locksecurity>
				<wsc2_version>0x20</wsc2_version>
			</wps>
			<acl>
				<isolation>0</isolation>
				<policy>DISABLED</policy>
				<seqno>1</seqno>
				<max>8</max>
				<count>0</count>
			</acl>
		</entry>
		<entry>
			<uid>WIFI-3</uid>
			<opmode>AP</opmode>
			<defaultssid>dlink_DIR-869-5GHz</defaultssid>
			<ssid>dlink-5GHz</ssid>
			<ssidhidden>0</ssidhidden>
			<authtype>OPEN</authtype>
			<encrtype>NONE</encrtype>
			<wps>
				<enable>1</enable>
				<configured>0</configured>
				<locksecurity>0</locksecurity>
				<wsc2_version>0x20</wsc2_version>
			</wps>
			<acl>
				<isolation>0</isolation>
				<policy>DISABLED</policy>
				<seqno>1</seqno>
				<max>8</max>
				<count>0</count>
			</acl>
		</entry>
		<entry>
			<uid>WIFI-4</uid>
			<opmode>AP</opmode>
			<defaultssid>dlink-5GHz-guest</defaultssid>
			<ssid>dlink-5GHz-guest</ssid>
			<ssidhidden>0</ssidhidden>
			<authtype>OPEN</authtype>
			<encrtype>NONE</encrtype>
			<wps>
				<enable>0</enable>
				<configured>0</configured>
				<locksecurity>0</locksecurity>
				<wsc2_version>0x20</wsc2_version>
			</wps>
			<acl>
				<isolation>0</isolation>
				<policy>DISABLED</policy>
				<seqno>1</seqno>
				<max>8</max>
				<count>0</count>
			</acl>
		</entry>
		<entry>
			<uid>WIFI-5</uid>
			<opmode>REPEATER</opmode>
			<ssid>dlink</ssid>
			<ssidhidden>0</ssidhidden>
			<authtype>OPEN</authtype>
			<encrtype>NONE</encrtype>
			<wps>
				<enable>1</enable>
				<configured>0</configured>
			</wps>
			<acl>
				<policy>DISABLED</policy>
				<seqno>1</seqno>
				<max>32</max>
				<count>0</count>
			</acl>
			<nwkey>
				<rekey>
					<gtk>1800</gtk>
				</rekey>
			</nwkey>
		</entry>
	</wifi>
	<nat>
		<seqno>1</seqno>
		<max>1</max>
		<count>1</count>
		<entry>
			<uid>NAT-1</uid>
			<type>PORTRESTRICTED</type>
			<portforward>
				<seqno>1</seqno>
				<max>24</max>
				<count>0</count>
			</portforward>
			<virtualserver>
				<seqno>1</seqno>
				<max>24</max>
				<count>0</count>
			</virtualserver>
			<porttrigger>
				<seqno>1</seqno>
				<max>24</max>
				<count>0</count>
			</porttrigger>
			<dmz>
				<enable />
				<inf />
				<hostid />
				<schedule />
			</dmz>
		</entry>
	</nat>
	<acl>
		<anti_spoof>
			<enable>0</enable>
		</anti_spoof>
		<pingresp>
			<enable>0</enable>
		</pingresp>
		<dos>
			<enable>0</enable>
		</dos>
		<spi>
			<enable>0</enable>
		</spi>
		<firewall>
			<seqno>1</seqno>
			<max>32</max>
			<count>0</count>
			<policy>DISABLE</policy>
		</firewall>
		<urlctrl>
			<seqno>1</seqno>
			<max>40</max>
			<count>0</count>
			<policy>DISABLE</policy>
		</urlctrl>
		<macctrl>
			<seqno>1</seqno>
			<max>24</max>
			<count>0</count>
			<policy>DISABLE</policy>
		</macctrl>
		<accessctrl>
			<seqno>1</seqno>
			<max>15</max>
			<enable>0</enable>
			<count>0</count>
			<machine_max>8</machine_max>
			<webfilter>
				<seqno>41</seqno>
				<max>40</max>
				<count>0</count>
				<policy>DROP</policy>
			</webfilter>
		</accessctrl>
		<inbfilter>
			<seqno>1</seqno>
			<max>24</max>
			<count>0</count>
		</inbfilter>
		<obfilter>
			<seqno>3</seqno>
			<max>32</max>
			<count>2</count>
			<policy>ACCEPT</policy>
			<entry>
				<uid>FWL-1</uid>
				<enable>1</enable>
				<description>G/ZONE: DROP traffic from guestzone to HOSTZONE</description>
				<policy>DROP</policy>
				<protocol>ALL</protocol>
				<src>
					<inf>LAN-2</inf>
				</src>
				<dst>
					<inf>LAN-1</inf>
				</dst>
			</entry>
			<entry>
				<uid>FWL-2</uid>
				<enable>1</enable>
				<description>G/ZONE: DROP traffic from HOSTZONE to guestzone</description>
				<policy>DROP</policy>
				<protocol>ALL</protocol>
				<src>
					<inf>LAN-1</inf>
				</src>
				<dst>
					<inf>LAN-2</inf>
				</dst>
			</entry>
		</obfilter>
		<obfilter2>
			<seqno>6</seqno>
			<max>32</max>
			<count>5</count>
			<policy>ACCEPT</policy>
			<entry>
				<uid>FWL-1</uid>
				<enable>1</enable>
				<description>G/ZONE: DROP traffic from guestzone to HOSTZONE</description>
				<policy>DROP</policy>
				<protocol>ALL</protocol>
				<src>
					<inf>LAN-2</inf>
				</src>
				<dst>
					<host>
						<start>192.168.0.1</start>
						<end></end>
					</host>
				</dst>
			</entry>
			<entry>
				<uid>FWL-2</uid>
				<enable>1</enable>
				<description>G/ZONE: ACCEPT ping from guestzone to device</description>
				<policy>ACCEPT</policy>
				<protocol>ICMP</protocol>
				<src>
					<inf>LAN-2</inf>
				</src>
				<dst>
					<host>
						<start>192.168.7.1</start>
						<end></end>
					</host>
				</dst>
			</entry>
			<entry>
				<uid>FWL-3</uid>
				<enable>1</enable>
				<description>G/ZONE: ACCEPT DNS query from guestzone to device</description>
				<policy>ACCEPT</policy>
				<protocol>UDP</protocol>
				<src>
					<inf>LAN-2</inf>
				</src>
				<dst>
					<host>
						<start>192.168.7.1</start>
						<end></end>
					</host>
					<port>
						<start>53</start>
						<end>53</end>
					</port>
				</dst>
			</entry>
			<entry>
				<uid>FWL-4</uid>
				<enable>1</enable>
				<description>G/ZONE: ACCEPT DHCP request from guestzone to device</description>
				<policy>ACCEPT</policy>
				<protocol>UDP</protocol>
				<src>
					<inf>LAN-2</inf>
				</src>
				<dst>
					<host>
						<start>192.168.7.1</start>
						<end></end>
					</host>
					<port>
						<start>67</start>
						<end>67</end>
					</port>
				</dst>
			</entry>
			<entry>
				<uid>FWL-5</uid>
				<enable>1</enable>
				<description>G/ZONE: DROP traffic from HOSTZONE to guestzone</description>
				<policy>DROP</policy>
				<protocol>ALL</protocol>
				<src>
					<inf>LAN-2</inf>
				</src>
				<dst>
					<host>
						<start>192.168.7.1</start>
						<end></end>
					</host>
				</dst>
			</entry>
		</obfilter2>
		<cone>
			<udp_cone>port_n_addr_restrict</udp_cone>
			<tcp_cone>port_n_addr_restrict</tcp_cone>
		</cone>
	</acl>
	<acl6>
		<firewall>
			<seqno>1</seqno>
			<max>24</max>
			<count>0</count>
			<policy>DISABLE</policy>
		</firewall>
		<obfilter>
			<seqno>3</seqno>
			<max>32</max>
			<count>2</count>
			<policy>ACCEPT</policy>
			<entry>
				<uid>FWL-1</uid>
				<enable>1</enable>
				<description>G/ZONE: DROP traffic from guestzone to HOSTZONE</description>
				<policy>DROP</policy>
				<protocol>ALL</protocol>
				<src>
					<inf>LAN-5</inf>
				</src>
				<dst>
					<inf>LAN-4</inf>
				</dst>
			</entry>
			<entry>
				<uid>FWL-2</uid>
				<enable>1</enable>
				<description>G/ZONE: DROP traffic from HOSTZONE to guestzone</description>
				<policy>DROP</policy>
				<protocol>ALL</protocol>
				<src>
					<inf>LAN-4</inf>
				</src>
				<dst>
					<inf>LAN-5</inf>
				</dst>
			</entry>
		</obfilter>
		<obfilter2>
			<seqno>5</seqno>
			<max>32</max>
			<count>4</count>
			<policy>ACCEPT</policy>
			<entry>
				<uid>FWL-1</uid>
				<enable>1</enable>
				<description>G/ZONE: DROP traffic from guestzone to HOSTZONE</description>
				<policy>DROP</policy>
				<protocol>ALL</protocol>
				<src>
					<inf>LAN-5</inf>
				</src>
				<dst>
					<host>
						<inf>LAN-4</inf>
						<start>2001:db8::</start>
						<end></end>
					</host>
				</dst>
			</entry>
			<entry>
				<uid>FWL-2</uid>
				<enable>1</enable>
				<description>G/ZONE: ACCEPT ping from guestzone to device</description>
				<policy>ACCEPT</policy>
				<protocol>ICMPV6</protocol>
				<src>
					<inf>LAN-5</inf>
				</src>
				<dst>
					<host>
						<inf>LAN-5</inf>
						<start>2001:db8::</start>
						<end></end>
					</host>
				</dst>
			</entry>
			<entry>
				<uid>FWL-3</uid>
				<enable>1</enable>
				<description>G/ZONE: ACCEPT DNS query from guestzone to device</description>
				<policy>ACCEPT</policy>
				<protocol>UDP</protocol>
				<src>
					<inf>LAN-5</inf>
				</src>
				<dst>
					<host>
						<inf>LAN-5</inf>
						<start>2001:db8::</start>
						<end></end>
					</host>
					<port>
						<start>53</start>
						<end>53</end>
					</port>
				</dst>
			</entry>
			<entry>
				<uid>FWL-4</uid>
				<enable>1</enable>
				<description>G/ZONE: DROP traffic from guestzone to device</description>
				<policy>DROP</policy>
				<protocol>ALL</protocol>
				<src>
					<inf>LAN-5</inf>
				</src>
				<dst>
					<host>
						<inf>LAN-5</inf>
						<start>2001:db8::</start>
						<end></end>
					</host>
				</dst>
			</entry>
		</obfilter2>
	</acl6>
	<schedule>
		<seqno>1</seqno>
		<max>10</max>
		<count>0</count>
	</schedule>
	<route>
		<static>
			<seqno>1</seqno>
			<max>32</max>
			<count>0</count>
		</static>
		<destination>
			<seqno>1</seqno>
			<max>8</max>
			<count>0</count>
		</destination>
	</route>
	<route6>
		<static>
			<seqno>1</seqno>
			<max>24</max>
			<count>0</count>
		</static>
	</route6>
	<bwc>
		<seqno>1</seqno>
		<max>2</max>
		<count>2</count>
		<entry>
			<uid>BWC-1</uid>
			<autobandwidth>0</autobandwidth>
			<bandwidth>307200</bandwidth>
			<flag>TC_WFQ</flag>
			<enable>0</enable>
			<rules>
				<seqno>1</seqno>
				<max>32</max>
				<count>1</count>
				<entry>
					<enable>0</enable>
					<description></description>
					<bwcqd>BWCQD-1</bwcqd>
					<bwcf>BWCF-1</bwcf>
				</entry>
			</rules>
		</entry>
		<entry>
			<uid>BWC-2</uid>
			<autobandwidth>0</autobandwidth>
			<bandwidth>307200</bandwidth>
			<flag>TC_WFQ</flag>
			<enable>0</enable>
			<rules>
				<seqno>1</seqno>
				<max>32</max>
				<count>1</count>
				<entry>
					<enable>0</enable>
					<description></description>
					<bwcqd>BWCQD-1</bwcqd>
					<bwcf>BWCF-1</bwcf>
				</entry>
			</rules>
		</entry>
		<bwcf>
			<seqno>1</seqno>
			<max>32</max>
			<count>1</count>
			<entry>
				<uid>BWCF-1</uid>
				<protocol>ALL</protocol>
				<ipv4>
					<start></start>
					<end></end>
				</ipv4>
				<dst>
					<ipv4>
						<start></start>
						<end></end>
					</ipv4>
					<port>
						<type>1</type>
						<name>ALL</name>
					</port>
				</dst>
			</entry>
		</bwcf>
		<bwcqd>
			<seqno>1</seqno>
			<max>4</max>
			<count>4</count>
			<entry>
				<uid>BWCQD-1</uid>
				<description>Highest</description>
				<flag>RSVBD</flag>
				<priority>VO</priority>
				<bandwidth></bandwidth>
				<weight>40</weight>
			</entry>
			<entry>
				<uid>BWCQD-2</uid>
				<description>Higher</description>
				<flag>RSVBD</flag>
				<priority>VI</priority>
				<bandwidth></bandwidth>
				<weight>30</weight>
			</entry>
			<entry>
				<uid>BWCQD-3</uid>
				<description>Normal</description>
				<flag>RSVBD</flag>
				<priority>BG</priority>
				<bandwidth></bandwidth>
				<weight>20</weight>
			</entry>
			<entry>
				<uid>BWCQD-4</uid>
				<description>Best Effort</description>
				<flag>RSVBD</flag>
				<priority>BE</priority>
				<bandwidth></bandwidth>
				<weight>10</weight>
			</entry>
		</bwcqd>
	</bwc>
	<upnpav>
		<dms>
			<name>DIR869_DMS</name>
			<active>0</active>
			<rescan>0</rescan>
			<sharepath></sharepath>
		</dms>
	</upnpav>
	<itunes>
		<server>
			<active>0</active>
			<rescan>0</rescan>
			<sharepath></sharepath>
		</server>
	</itunes>
	<webaccess>
		<enable>0</enable>
		<httpenable>0</httpenable>
		<httpport>8181</httpport>
		<httpsenable>0</httpsenable>
		<httpsport>4433</httpsport>			
		<account>
			<entry>
				<username>admin</username>
				<passwd></passwd>
				<entry>
					<path>root</path>
					<permission>rw</permission>
				</entry>
			</entry>
		</account>
	</webaccess>
	<samba>
		<enable>0</enable>
		<auth>1</auth>
	</samba>
	<autodetect>
		<active>0</active>
		<change>0</change>
		<inf4>WAN-1</inf4>
		<inf6>WAN-4</inf6>
		<infLL>WAN-3</infLL>
	</autodetect>
	<vpn>
		<ipsec>
			<enable>0</enable>
			<username>vpn</username>
			<password>vpn</password>
			<psk></psk>
		</ipsec>
	</vpn>
	<debug>
		<php>0</php>
		<kernel>0</kernel>
	</debug>
</wrgac54_dlink.2015_dir869>
