<?xml version="1.0"?>
<wrgac54_dlink.2015_dir869>
	<runtime>
		<devdata>
			<flashspeed get="devdata get -e flashspeed" />
			<pin get="devdata get -e pin" />
			<psk get="devdata get -e psk" />
			<hwver get="devdata get -e hwver" />
			<countrycode get="devdata get -e countrycode" />
			<wanmac get="devdata get -e wanmac" />
			<lanmac get="devdata get -e lanmac" />
			<wlanmac get="devdata get -e wlan24mac" />
			<wlan5mac get="devdata get -e wlan5mac" />
			<wlanmac2 get="devdata get -e wlan5mac" />
			<lanpack get="cat /etc/config/langpack" />
			<mfcmode get="devdata get -e mfcmode" />
			<turbomode get="devdata get -e turbomode" />
		</devdata>
	</runtime>
</wrgac54_dlink.2015_dir869>
